dice_mean,dice_std,hausdorffs_mean,hausdorffs_std
0.0,0.0,0.0,0.0
0.0,0.0,0.0,0.0
0.0,0.0,0.0,0.0
0.0,0.0,0.0,0.0
0.0,0.0,0.0,0.0
0.0,0.0,0.0,0.0
0.7898616365024022,0.0,2.615247749146961,0.0
